{
	"version": 8,
	"name": "Example taken from https://docs.mapbox.com/ios/maps/examples/source-custom-vector/",
	"sources": {
		"mapillary": {
			"type": "vector",
			"tiles": [
				"https://d25uarhxywzl1j.cloudfront.net/v0.1/{z}/{x}/{y}.mvt"
			],
			"attribution": "<a href=\"https://www.mapillary.com\" target=\"_blank\">© Mapillary, CC BY</a>",
			"maxzoom": 14
		}
	},
	"layers": [{
			"id": "background",
			"type": "background",
			"paint": {
				"background-color": "#485E77"
			}
		},
		{
			"id": "mapillary-sequences",
			"type": "line",
			"source": "mapillary",
			"source-layer": "mapillary-sequences",
			"filter": [
				"==",
				"$type",
				"LineString"
			],
			"paint": {
				"line-color": "#F56745"
			}
		}
	]
}